C³digo;Nome do jogador;Idade;Peso;Altura;Posi§£o que atua;Valor de compra;Valor de passe;Salrio;Estado;
15;bozo;20;80.000000;180.000000;atacante;1300.00;5000.00;4000.00;Status do jogador: 1425817316;Status do jogador: 1425817316;14;madalberto;40;89.000000;1.940000;defesa;8.00;9.00;10.00;Status do jogador: 1425816852;Status do jogador: 1425816852;13;lberto;1117782016;2.090000;69783343780100246077440.000000;iro;8.00;10.00;71442027416003533808681835560960.00;Status do jogador: 1425816388;Status do jogador: 1425816388;12;to;1072902963;293309969211163607048548327096320.000000;75022786546839812528907747328.000000;;1183755481137111635603056737910784.00;10.00;0.00;Status do jogador: 1425815924;Status do jogador: 1425815924;11;stem32\cmd.exe;1701605223;0.000000;0.000000;¼;0.00;1183755481137111635603056737910784.00;0.00;Status do jogador: 1425815460;Status do jogador: 1425815460;10;32\cmd.exe;1702129249;0.000000;-0.005698;¼½¾אבגדהוזחטיךכלםמןנסעףפץצרשת‎‏‗אבגדהוזחטיךכלםמןנסעףפץצקרשת‎‏;0.00;0.00;0.00;Status do jogador: 1425814996;Status do jogador: 1425814996;9;md.exe;12129248;0.000000;0.000000;;0.00;0.00;0.00;Status do jogador: 1425814532;Status do jogador: 1425814532;8;xe;0;0.000000;0.000000;;0.00;0.00;0.00;Status do jogador: 1425814068;Status do jogador: 1425814068;7;;0;0.000000;0.000000;;0.00;0.00;0.00;Status do jogador: 1425813604;Status do jogador: 1425813604;6;;0;0.000000;0.000000;;0.00;0.00;0.00;Status do jogador: 1425813140;Status do jogador: 1425813140;5;K;0;0.000000;0.000000;;0.00;0.00;0.00;Status do jogador: 1425812676;Status do jogador: 1425812676;4;;0;0.000000;0.000000;;0.00;0.00;0.00;Status do jogador: 1425812212;Status do jogador: 1425812212;3;¹;0;0.000000;0.000000;;0.00;0.00;0.00;Status do jogador: 1425811748;Status do jogador: 1425811748;2;xuxa;32;80.000000;180.000000;lateral;3000.00;3500.00;4000.00;Status do jogador: 1425811284;Status do jogador: 1425811284;1;sla;23;80.000000;180.000000;lateral;20.00;20.00;20.00;Status do jogador: 1425806708;Status do jogador: 1425806708;